Workbook

Sheet Sales_Data
A1: Row ID | B1: Order ID | C1: Order Date | D1: Ship Date | E1: Ship Mode | F1: Customer Name | G1: Segment | H1: Region | I1: State | J1: City | K1: Category | L1: Sub-Category | M1: Product Name | N1: Quantity | O1: Discount | P1: Sales | Q1: Profit | S1: Cleaning log (Task 1): started with 545 rows in Raw_Data -> removed 10 blank rows, 21 duplicate rows, and rows with missing Sales/Profit or unparseable dates -> 510 clean rows remain here. Order Date & Ship Date formatted as dates; Sales & Profit formatted as currency.
A2: 1 | B2: ES-2021-100001 | C2: 44482 | D2: 44488 | E2: Second Class | F2: James Williams | G2: Consumer | H2: East | I2: New York | J2: New York City | K2: Office Supplies | L2: Paper | M2: Copy Paper A4 | N2: 2 | O2: 0 | P2: 163.7 | Q2: 17.07
A3: 2 | B3: ES-2023-100002 | C3: 45116 | D3: 45121 | E3: Second Class | F3: Jessica Hernandez | G3: Corporate | H3: East | I3: Virginia | J3: Richmond | K3: Furniture | L3: Furnishings | M3: Wall Clock | N3: 5 | O3: 0 | P3: 2856.83 | Q3: 586.46
A4: 3 | B4: WS-2023-100003 | C4: 44932 | D4: 44939 | E4: First Class | F4: Richard Williams | G4: Home Office | H4: West | I4: Oregon | J4: Portland | K4: Furniture | L4: Furnishings | M4: Desk Lamp | N4: 6 | O4: 0 | P4: 2595.09 | Q4: 487.46
A5: 4 | B5: CS-2024-100004 | C5: 45551 | D5: 45553 | E5: First Class | F5: Richard Rodriguez | G5: Corporate | H5: Central | I5: Minnesota | J5: Minneapolis | K5: Furniture | L5: Chairs | M5: Executive Leather Chair | N5: 13 | O5: 0 | P5: 2864.38 | Q5: 753.88
A6: 5 | B6: WS-2024-100005 | C6: 45634 | D6: 45640 | E6: First Class | F6: Linda Anderson | G6: Corporate | H6: West | I6: Oregon | J6: Portland | K6: Office Supplies | L6: Fasteners | M6: Paper Clips | N6: 11 | O6: 0 | P6: 114.68 | Q6: 8.08
A7: 6 | B7: WT-2021-100006 | C7: 44262 | D7: 44269 | E7: Same Day | F7: Michael Thomas | G7: Corporate | H7: West | I7: Oregon | J7: Portland | K7: Technology | L7: Phones | M7: Smartphone X200 | N7: 6 | O7: 0 | P7: 1311.28 | Q7: -161.83
A8: 7 | B8: WS-2024-100007 | C8: 45394 | D8: 45398 | E8: Standard Class | F8: Thomas Thomas | G8: Consumer | H8: West | I8: Oregon | J8: Portland | K8: Furniture | L8: Bookcases | M8: Corner Bookcase | N8: 10 | O8: 0.1 | P8: 2857.57 | Q8: 995.56
A9: 8 | B9: ES-2024-100008 | C9: 45418 | D9: 45419 | E9: First Class | F9: Patricia Moore | G9: Corporate | H9: East | I9: Pennsylvania | J9: Philadelphia | K9: Office Supplies | L9: Fasteners | M9: Paper Clips | N9: 7 | O9: 0.4 | P9: 289.71 | Q9: 19.55
A10: 9 | B10: ET-2022-100009 | C10: 44736 | D10: 44741 | E10: Second Class | F10: Thomas Martin | G10: Consumer | H10: East | I10: New Jersey | J10: Newark | K10: Office Supplies | L10: Art | M10: Sketch Pad | N10: 13 | O10: 0 | P10: 300.05 | Q10: 81.71
A11: 10 | B11: CT-2024-100010 | C11: 45423 | D11: 45426 | E11: Standard Class | F11: Barbara Johnson | G11: Consumer | H11: Central | I11: Texas | J11: Dallas | K11: Office Supplies | L11: Labels | M11: Address Labels | N11: 8 | O11: 0.2 | P11: 32.32 | Q11: 8.96
A12: 11 | B12: ES-2024-100011 | C12: 45548 | D12: 45552 | E12: First Class | F12: Elizabeth Gonzalez | G12: Home Office | H12: East | I12: Massachusetts | J12: Boston | K12: Technology | L12: Machines | M12: Label Maker | N12: 9 | O12: 0.3 | P12: 881.32 | Q12: 289.62
A13: 12 | B13: SS-2021-100012 | C13: 44328 | D13: 44331 | E13: Standard Class | F13: John Johnson | G13: Consumer | H13: South | I13: Alabama | J13: Birmingham | K13: Office Supplies | L13: Paper | M13: Copy Paper A4 | N13: 1 | O13: 0.1 | P13: 69.28 | Q13: 7.14
... A511: 510 | B511: ET-2023-100483 | C511: 45018 | D511: 45023 | E511: Standard Class | F511: Linda Jackson | G511: Consumer | H511: East | I511: Massachusetts | J511: Boston | K511: Furniture | L511: Tables | M511: Round Conference Table | N511: 7 | O511: 0 | P511: 3011.86 | Q511: -592.02

Sheet Raw_Data
A1: Row ID | B1: Order ID | C1: Order Date | D1: Ship Date | E1: Ship Mode | F1: Customer Name | G1: Segment | H1: Region | I1: State | J1: City | K1: Category | L1: Sub-Category | M1: Product Name | N1: Quantity | O1: Discount | P1: Sales | Q1: Profit | S1: This is the ORIGINAL, unprocessed export (kept for audit). It contains 10 fully blank rows and 21 duplicate rows, plus a few missing Sales values and inconsistent date formats — these were fixed in the 'Sales_Data' sheet (Task 1).
A2: 1 | B2: ES-2021-100001 | C2: 10/13/2021 | D2: 10/19/2021 | E2: Second Class | F2: James Williams | G2: Consumer | H2: East | I2: New York | J2: New York City | K2: Office Supplies | L2: Paper | M2: Copy Paper A4 | N2: 2 | O2: 0 | P2: 163.7 | Q2: 17.07
A3: 2 | B3: ES-2023-100002 | C3: 07/09/2023 | D3: 07/14/2023 | E3: Second Class | F3: Jessica Hernandez | G3: Corporate | H3: East | I3: Virginia | J3: Richmond | K3: Furniture | L3: Furnishings | M3: Wall Clock | N3: 5 | O3: 0 | P3: 2856.83 | Q3: 586.46
A4: 3 | B4: WS-2023-100003 | C4: 01/06/2023 | D4: 01/13/2023 | E4: First Class | F4: Richard Williams | G4: Home Office | H4: West | I4: Oregon | J4: Portland | K4: Furniture | L4: Furnishings | M4: Desk Lamp | N4: 6 | O4: 0 | P4: 2595.09 | Q4: 487.46
A5: 4 | B5: CS-2024-100004 | C5: 09/16/2024 | D5: 09/18/2024 | E5: First Class | F5: Richard Rodriguez | G5: Corporate | H5: Central | I5: Minnesota | J5: Minneapolis | K5: Furniture | L5: Chairs | M5: Executive Leather Chair | N5: 13 | O5: 0 | P5: 2864.38 | Q5: 753.88
A6: 5 | B6: WS-2024-100005 | C6: 12/08/2024 | D6: 12/14/2024 | E6: First Class | F6: Linda Anderson | G6: Corporate | H6: West | I6: Oregon | J6: Portland | K6: Office Supplies | L6: Fasteners | M6: Paper Clips | N6: 11 | O6: 0 | P6: 114.68 | Q6: 8.08
A7: 6 | B7: WT-2021-100006 | C7: 03/07/2021 | D7: 03/14/2021 | E7: Same Day | F7: Michael Thomas | G7: Corporate | H7: West | I7: Oregon | J7: Portland | K7: Technology | L7: Phones | M7: Smartphone X200 | N7: 6 | O7: 0 | P7: 1311.28 | Q7: -161.83
A8: 7 | B8: WS-2024-100007 | C8: 04/12/2024 | D8: 04/16/2024 | E8: Standard Class | F8: Thomas Thomas | G8: Consumer | H8: West | I8: Oregon | J8: Portland | K8: Furniture | L8: Bookcases | M8: Corner Bookcase | N8: 10 | O8: 0.1 | P8: 2857.57 | Q8: 995.56
A9: 8 | B9: ES-2024-100008 | C9: 05/06/2024 | D9: 05/07/2024 | E9: First Class | F9: Patricia Moore | G9: Corporate | H9: East | I9: Pennsylvania | J9: Philadelphia | K9: Office Supplies | L9: Fasteners | M9: Paper Clips | N9: 7 | O9: 0.4 | P9: 289.71 | Q9: 19.55
A10: 9 | B10: ET-2022-100009 | C10: 06/24/2022 | D10: 06/29/2022 | E10: Second Class | F10: Thomas Martin | G10: Consumer | H10: East | I10: New Jersey | J10: Newark | K10: Office Supplies | L10: Art | M10: Sketch Pad | N10: 13 | O10: 0 | P10: 300.05 | Q10: 81.71
A11: 10 | B11: CT-2024-100010 | C11: 05/11/2024 | D11: 05/14/2024 | E11: Standard Class | F11: Barbara Johnson | G11: Consumer | H11: Central | I11: Texas | J11: Dallas | K11: Office Supplies | L11: Labels | M11: Address Labels | N11: 8 | O11: 0.2 | P11: 32.32 | Q11: 8.96
A12: 11 | B12: ES-2024-100011 | C12: 09/13/2024 | D12: 09/17/2024 | E12: First Class | F12: Elizabeth Gonzalez | G12: Home Office | H12: East | I12: Massachusetts | J12: Boston | K12: Technology | L12: Machines | M12: Label Maker | N12: 9 | O12: 0.3 | P12: 881.32 | Q12: 289.62
A13: 12 | B13: SS-2021-100012 | C13: 05/12/2021 | D13: 05/15/2021 | E13: Standard Class | F13: John Johnson | G13: Consumer | H13: South | I13: Alabama | J13: Birmingham | K13: Office Supplies | L13: Paper | M13: Copy Paper A4 | N13: 1 | O13: 0.1 | P13: 69.28 | Q13: 7.14
... A139: 138 | B139: WS-2022-100138 | C139: 11/09/2022 | D139: 11/11/2022 | E139: Second Class | F139: David Martinez | G139: Home Office | H139: West | I139: Arizona | J139: Phoenix | K139: Office Supplies | L139: Paper | M139: Copy Paper A4 | N139: 12 | O139: 0.15 | P139: 643.5 | Q139: 116.58
A140: 139 | B140: WS-2023-100139 | C140: 2023-11-22 | D140: 11/25/2023 | E140: Standard Class | F140: Sarah Hernandez | G140: Consumer | H140: West | I140: Arizona | J140: Phoenix | K140: Technology | L140: Copiers | M140: Office Copier Pro | N140: 2 | O140: 0 | Q140: -60.77
A141: 140 | B141: CS-2022-100140 | C141: 09/11/2022 | D141: 09/16/2022 | E141: First Class | F141: Mary Brown | G141: Corporate | H141: Central | I141: Ohio | J141: Columbus | K141: Office Supplies | L141: Storage | M141: Filing Cabinet | N141: 12 | O141: 0.15 | P141: 797.61 | Q141: 113.43
A142: 141 | B142: WS-2024-100141 | C142: 11/14/2024 | D142: 11/15/2024 | E142: Second Class | F142: Barbara Jones | G142: Corporate | H142: West | I142: Nevada | J142: Las Vegas | K142: Office Supplies | L142: Fasteners | M142: Paper Clips | N142: 11 | O142: 0.15 | P142: 1156.64 | Q142: -34.09
A143: 142 | B143: SS-2023-100142 | C143: 08/23/2023 | D143: 08/30/2023 | E143: First Class | F143: Thomas Anderson | G143: Home Office | H143: South | I143: Alabama | J143: Birmingham | K143: Office Supplies | L143: Fasteners | M143: Stapler | N143: 9 | O143: 0.1 | P143: 843.63 | Q143: 174.73
A144: 143 | B144: ET-2021-100143 | C144: 12/03/2021 | D144: 12/06/2021 | E144: Standard Class | F144: John Taylor | G144: Corporate | H144: East | I144: Virginia | J144: Richmond | K144: Furniture | L144: Tables | M144: Rectangular Desk | N144: 14 | O144: 0 | P144: 5267.23 | Q144: 833.16
A145: 144 | B145: ST-2021-100144 | C145: 04/29/2021 | D145: 05/04/2021 | E145: Second Class | F145: William Smith | G145: Home Office | H145: South | I145: Georgia | J145: Atlanta | K145: Office Supplies | L145: Art | M145: Highlighter Pack | N145: 8 | O145: 0.15 | P145: 621.79 | Q145: 114.39
A146: 145 | B146: ET-2024-100145 | C146: 01/14/2024 | D146: 01/15/2024 | E146: Same Day | F146: Linda Jones | G146: Home Office | H146: East | I146: New York | J146: New York City | K146: Office Supplies | L146: Fasteners | M146: Push Pins | N146: 2 | O146: 0.4 | P146: 208.32 | Q146: -48.11
A147: 146 | B147: CT-2021-100146 | C147: 06/14/2021 | D147: 06/20/2021 | E147: Same Day | F147: Patricia Garcia | G147: Home Office | H147: Central | I147: Ohio | J147: Columbus | K147: Office Supplies | L147: Art | M147: Marker Set | N147: 11 | O147: 0 | P147: 1157.17 | Q147: 164.46
A148: 147 | B148: WS-2023-100147 | C148: 08/07/2023 | D148: 08/13/2023 | E148: First Class | F148: Joseph Lopez | G148: Consumer | H148: West | I148: Washington | J148: Seattle | K148: Technology | L148: Phones | M148: Cordless Phone | N148: 12 | O148: 0.3 | P148: 3121.91 | Q148: 761.8
A150: 148 | B150: WS-2022-100148 | C150: 05/08/2022 | D150: 05/10/2022 | E150: Same Day | F150: Barbara Johnson | G150: Corporate | H150: West | I150: California | J150: Los Angeles | K150: Furniture | L150: Furnishings | M150: Desk Lamp | N150: 2 | O150: 0 | P150: 186.21 | Q150: 3.33
A151: 149 | B151: WT-2023-100149 | C151: 10/29/2023 | D151: 11/01/2023 | E151: Second Class | F151: Barbara Martinez | G151: Consumer | H151: West | I151: Arizona | J151: Phoenix | K151: Furniture | L151: Chairs | M151: Mesh Task Chair | N151: 4 | O151: 0.2 | P151: 2164.47 | Q151: 208.84
A152: 150 | B152: ST-2024-100150 | C152: 07/06/2024 | D152: 07/12/2024 | E152: Same Day | F152: Thomas Hernandez | G152: Home Office | H152: South | I152: North Carolina | J152: Charlotte | K152: Office Supplies | L152: Labels | M152: Address Labels | N152: 7 | O152: 0 | P152: 473.13 | Q152: 157.73
A153: 151 | B153: SS-2023-100151 | C153: 08/28/2023 | D153: 08/30/2023 | E153: Second Class | F153: Karen Wilson | G153: Corporate | H153: South | I153: Georgia | J153: Atlanta | K153: Office Supplies | L153: Paper | M153: Sticky Notes | N153: 14 | O153: 0 | P153: 400.27 | Q153: 93.45
... A202: 199 | B202: CS-2022-100199 | C202: 05/16/2022 | D202: 05/17/2022 | E202: Second Class | F202: Patricia Smith | G202: Home Office | H202: Central | I202: Ohio | J202: Columbus | K202: Office Supplies | L202: Paper | M202: Copy Paper A4 | N202: 7 | O202: 0 | P202: 109.8 | Q202: -7.07
A203: 200 | B203: ET-2023-100200 | C203: 11/26/2023 | D203: 12/03/2023 | E203: Same Day | F203: Patricia Smith | G203: Corporate | H203: East | I203: Pennsylvania | J203: Philadelphia | K203: Office Supplies | L203: Storage | M203: Plastic Bin | N203: 14 | O203: 0 | Q203: -32.76
A204: 201 | B204: CT-2023-100201 | C204: 07/22/2023 | D204: 07/27/2023 | E204: Standard Class | F204: Patricia Jackson | G204: Home Office | H204: Central | I204: Minnesota | J204: Minneapolis | K204: Furniture | L204: Chairs | M204: Recliner Chair | N204: 6 | O204: 0 | P204: 374.53 | Q204: -11.01
A205: 202 | B205: WS-2021-100202 | C205: 04/05/2021 | D205: 04/09/2021 | E205: First Class | F205: Karen Wilson | G205: Consumer | H205: West | I205: Arizona | J205: Phoenix | K205: Furniture | L205: Chairs | M205: Mesh Task Chair | N205: 6 | O205: 0 | P205: 1701.07 | Q205: -242.61
A206: 203 | B206: WS-2021-100203 | C206: 06/09/2021 | D206: 06/14/2021 | E206: First Class | F206: Richard Williams | G206: Corporate | H206: West | I206: Nevada | J206: Las Vegas | K206: Technology | L206: Accessories | M206: Wireless Mouse | N206: 6 | O206: 0 | P206: 516.71 | Q206: -73.58
A207: 204 | B207: CS-2023-100204 | C207: 01/26/2023 | D207: 01/28/2023 | E207: Same Day | F207: Joseph Lopez | G207: Home Office | H207: Central | I207: Michigan | J207: Detroit | K207: Furniture | L207: Furnishings | M207: Desk Lamp | N207: 5 | O207: 0.15 | P207: 1936.59 | Q207: 375.21
A208: 205 | B208: WS-2021-100205 | C208: 01/14/2021 | D208: 01/18/2021 | E208: Same Day | F208: David Smith | G208: Home Office | H208: West | I208: Arizona | J208: Phoenix | K208: Office Supplies | L208: Paper | M208: Copy Paper A4 | N208: 1 | O208: 0.2 | P208: 27.72 | Q208: 3.65
A209: 206 | B209: CS-2023-100206 | C209: 10/05/2023 | D209: 10/06/2023 | E209: First Class | F209: Thomas Wilson | G209: Home Office | H209: Central | I209: Illinois | J209: Chicago | K209: Furniture | L209: Tables | M209: Glass Table | N209: 3 | O209: 0 | P209: 1516.1 | Q209: -339.09
A210: 207 | B210: SS-2024-100207 | C210: 07/29/2024 | D210: 08/05/2024 | E210: First Class | F210: Barbara Martinez | G210: Corporate | H210: South | I210: Florida | J210: Miami | K210: Office Supplies | L210: Labels | M210: Address Labels | N210: 7 | O210: 0 | P210: 75.81 | Q210: 0.83
A211: 208 | B211: SS-2021-100208 | C211: 06/02/2021 | D211: 06/04/2021 | E211: Same Day | F211: Joseph Anderson | G211: Corporate | H211: South | I211: North Carolina | J211: Charlotte | K211: Office Supplies | L211: Storage | M211: Storage Box | N211: 3 | O211: 0 | P211: 282.1 | Q211: -44.22
A212: 209 | B212: ET-2022-100209 | C212: 09/24/2022 | D212: 09/28/2022 | E212: First Class | F212: Nancy Johnson | G212: Consumer | H212: East | I212: Virginia | J212: Richmond | K212: Office Supplies | L212: Paper | M212: Colored Paper Pack | N212: 5 | O212: 0 | P212: 512.96 | Q212: -79.73
A213: 210 | B213: WT-2023-100210 | C213: 11/18/2023 | D213: 11/19/2023 | E213: Second Class | F213: Joseph Moore | G213: Home Office | H213: West | I213: California | J213: Los Angeles | K213: Office Supplies | L213: Storage | M213: Filing Cabinet | N213: 11 | O213: 0 | P213: 409.9 | Q213: -94.83
A214: 211 | B214: ET-2021-100211 | C214: 01/25/2021 | D214: 01/26/2021 | E214: First Class | F214: Susan Williams | G214: Home Office | H214: East | I214: Massachusetts | J214: Boston | K214: Furniture | L214: Tables | M214: Round Conference Table | N214: 14 | O214: 0.1 | Q214: -1286.47
A215: 212 | B215: ET-2023-100212 | C215: 06/28/2023 | D215: 07/05/2023 | E215: Same Day | F215: Mary Garcia | G215: Home Office | H215: East | I215: New York | J215: New York City | K215: Technology | L215: Machines | M215: Calculator | N215: 3 | O215: 0.2 | P215: 206.51 | Q215: -36.45
A216: 213 | B216: SS-2022-100213 | C216: 12/26/2022 | D216: 12/28/2022 | E216: Second Class | F216: Nancy Martin | G216: Home Office | H216: South | I216: Tennessee | J216: Nashville | K216: Furniture | L216: Furnishings | M216: Wall Clock | N216: 3 | O216: 0.4 | P216: 556.02 | Q216: 155.72
A217: 214 | B217: CS-2021-100214 | C217: 05/05/2021 | D217: 05/06/2021 | E217: First Class | F217: Karen Smith | G217: Corporate | H217: Central | I217: Ohio | J217: Columbus | K217: Office Supplies | L217: Labels | M217: Shipping Labels | N217: 5 | O217: 0.3 | P217: 214.74 | Q217: -27.99
A218: 215 | B218: SS-2023-100215 | C218: 10/26/2023 | D218: 10/29/2023 | E218: Same Day | F218: James Rodriguez | G218: Consumer | H218: South | I218: Alabama | J218: Birmingham | K218: Technology | L218: Accessories | M218: Keyboard | N218: 7 | O218: 0 | P218: 1099.73 | Q218: -64.52
A219: 216 | B219: CS-2022-100216 | C219: 05/23/2022 | D219: 05/29/2022 | E219: Second Class | F219: Charles Gonzalez | G219: Corporate | H219: Central | I219: Minnesota | J219: Minneapolis | K219: Technology | L219: Machines | M219: Label Maker | N219: 4 | O219: 0 | P219: 621.07 | Q219: 129.45
A220: 217 | B220: WS-2023-100217 | C220: 01/05/2023 | D220: 01/10/2023 | E220: First Class | F220: Charles Miller | G220: Corporate | H220: West | I220: Washington | J220: Seattle | K220: Office Supplies | L220: Fasteners | M220: Stapler | N220: 1 | O220: 0.2 | P220: 79.91 | Q220: 25.45
A221: 218 | B221: WS-2024-100218 | C221: 05/17/2024 | D221: 05/19/2024 | E221: Second Class | F221: Robert Hernandez | G221: Home Office | H221: West | I221: Nevada | J221: Las Vegas | K221: Furniture | L221: Chairs | M221: Mesh Task Chair | N221: 1 | O221: 0 | P221: 380.35 | Q221: -19.38
A222: 219 | B222: CT-2023-100219 | C222: 12/14/2023 | D222: 12/21/2023 | E222: First Class | F222: Charles Brown | G222: Corporate | H222: Central | I222: Illinois | J222: Chicago | K222: Furniture | L222: Tables | M222: Round Conference Table | N222: 6 | O222: 0.2 | P222: 3797.85 | Q222: 655.98
A223: 220 | B223: CS-2024-100220 | C223: 08/22/2024 | D223: 08/25/2024 | E223: First Class | F223: Richard Martinez | G223: Home Office | H223: Central | I223: Texas | J223: Dallas | K223: Technology | L223: Copiers | M223: Office Copier Pro | N223: 3 | O223: 0.2 | P223: 1021.9 | Q223: -118.6
A224: 221 | B224: WT-2023-100221 | C224: 03/13/2023 | D224: 03/20/2023 | E224: Standard Class | F224: Nancy Davis | G224: Home Office | H224: West | I224: Washington | J224: Seattle | K224: Office Supplies | L224: Fasteners | M224: Stapler | N224: 13 | O224: 0 | P224: 1506.59 | Q224: -212.05
A225: 222 | B225: ST-2022-100222 | C225: 12/12/2022 | D225: 12/15/2022 | E225: Second Class | F225: Joseph Smith | G225: Corporate | H225: South | I225: Georgia | J225: Atlanta | K225: Office Supplies | L225: Binders | M225: Round Ring Binder | N225: 3 | O225: 0 | P225: 231.21 | Q225: 56.18
A226: 223 | B226: WT-2021-100223 | C226: 01/03/2021 | D226: 01/04/2021 | E226: Same Day | F226: Sarah Gonzalez | G226: Corporate | H226: West | I226: California | J226: Los Angeles | K226: Office Supplies | L226: Binders | M226: Heavy-Duty Binder | N226: 7 | O226: 0.3 | P226: 342.13 | Q226: 113.4
... A309: 305 | B309: WS-2024-100305 | C309: 10/03/2024 | D309: 10/07/2024 | E309: First Class | F309: John Moore | G309: Corporate | H309: West | I309: California | J309: Los Angeles | K309: Technology | L309: Copiers | M309: Office Copier Pro | N309: 7 | O309: 0 | P309: 2138.2 | Q309: 410.87
A310: 306 | B310: CS-2023-100306 | C310: 04/08/2023 | D310: 04/13/2023 | E310: Standard Class | F310: Thomas Martinez | G310: Corporate | H310: Central | I310: Michigan | J310: Detroit | K310: Office Supplies | L310: Paper | M310: Colored Paper Pack | N310: 1 | O310: 0.3 | Q310: 1.6
A311: 307 | B311: CT-2023-100307 | C311: 06/26/2023 | D311: 06/30/2023 | E311: Same Day | F311: Joseph Jackson | G311: Consumer | H311: Central | I311: Minnesota | J311: Minneapolis | K311: Technology | L311: Accessories | M311: Keyboard | N311: 10 | O311: 0.1 | P311: 2495.87 | Q311: 510.37
A312: 308 | B312: ET-2022-100308 | C312: 10/09/2022 | D312: 10/13/2022 | E312: Same Day | F312: Barbara Martinez | G312: Consumer | H312: East | I312: New Jersey | J312: Newark | K312: Furniture | L312: Tables | M312: Rectangular Desk | N312: 6 | O312: 0 | P312: 2241.84 | Q312: 382.21
A313: 309 | B313: CS-2022-100309 | C313: 10/05/2022 | D313: 10/08/2022 | E313: Second Class | F313: Sarah Miller | G313: Consumer | H313: Central | I313: Illinois | J313: Chicago | K313: Office Supplies | L313: Paper | M313: Colored Paper Pack | N313: 4 | O313: 0.15 | P313: 410.76 | Q313: -57.64
A314: 310 | B314: CT-2022-100310 | C314: 12/31/2022 | D314: 01/02/2023 | E314: Standard Class | F314: Nancy Smith | G314: Home Office | H314: Central | I314: Texas | J314: Dallas | K314: Office Supplies | L314: Paper | M314: Sticky Notes | N314: 13 | O314: 0 | P314: 189.66 | Q314: 29.49
A315: 311 | B315: SS-2022-100311 | C315: 07/17/2022 | D315: 07/21/2022 | E315: Same Day | F315: Mary Taylor | G315: Corporate | H315: South | I315: North Carolina | J315: Charlotte | K315: Office Supplies | L315: Art | M315: Highlighter Pack | N315: 3 | O315: 0.15 | P315: 338.52 | Q315: -3.82
A316: 312 | B316: ES-2023-100312 | C316: 07/26/2023 | D316: 07/27/2023 | E316: Standard Class | F316: Michael Gonzalez | G316: Home Office | H316: East | I316: Virginia | J316: Richmond | K316: Office Supplies | L316: Fasteners | M316: Push Pins | N316: 12 | O316: 0.2 | P316: 712.31 | Q316: 116.48
A317: 313 | B317: CT-2024-100313 | C317: 01/29/2024 | D317: 02/01/2024 | E317: First Class | F317: Jessica Miller | G317: Corporate | H317: Central | I317: Michigan | J317: Detroit | K317: Office Supplies | L317: Storage | M317: Storage Box | N317: 4 | O317: 0.2 | P317: 127.05 | Q317: -3.87
A318: 314 | B318: CS-2021-100314 | C318: 09/26/2021 | D318: 10/01/2021 | E318: Second Class | F318: Karen Wilson | G318: Corporate | H318: Central | I318: Ohio | J318: Columbus | K318: Office Supplies | L318: Paper | M318: Sticky Notes | N318: 11 | O318: 0 | P318: 318.68 | Q318: 58.16
A319: 315 | B319: WT-2023-100315 | C319: 05/14/2023 | D319: 05/18/2023 | E319: Standard Class | F319: William Moore | G319: Home Office | H319: West | I319: Washington | J319: Seattle | K319: Office Supplies | L319: Binders | M319: Round Ring Binder | N319: 3 | O319: 0.2 | P319: 336.92 | Q319: 74.53
A320: 316 | B320: ST-2022-100316 | C320: 06/05/2022 | D320: 06/09/2022 | E320: First Class | F320: Susan Lopez | G320: Home Office | H320: South | I320: Florida | J320: Miami | K320: Office Supplies | L320: Binders | M320: Round Ring Binder | N320: 14 | O320: 0.4 | P320: 940.31 | Q320: 185.01
A321: 317 | B321: CT-2024-100317 | C321: 05/25/2024 | D321: 05/27/2024 | E321: Same Day | F321: Susan Hernandez | G321: Home Office | H321: Central | I321: Illinois | J321: Chicago | K321: Office Supplies | L321: Storage | M321: Plastic Bin | N321: 10 | O321: 0 | P321: 699.56 | Q321: 236.19
A322: 318 | B322: ST-2024-100318 | C322: 07/17/2024 | D322: 07/19/2024 | E322: First Class | F322: John Williams | G322: Consumer | H322: South | I322: Florida | J322: Miami | K322: Office Supplies | L322: Storage | M322: Filing Cabinet | N322: 14 | O322: 0.2 | P322: 286.54 | Q322: 0.89
... A432: 426 | B432: CS-2022-100426 | C432: 05/23/2022 | D432: 05/26/2022 | E432: Same Day | F432: Jessica Johnson | G432: Consumer | H432: Central | I432: Illinois | J432: Chicago | K432: Office Supplies | L432: Fasteners | M432: Push Pins | N432: 7 | O432: 0 | P432: 492.64 | Q432: 146.93
A433: 427 | B433: ET-2021-100427 | C433: 07/20/2021 | D433: 07/24/2021 | E433: First Class | F433: Michael Jones | G433: Corporate | H433: East | I433: Massachusetts | J433: Boston | K433: Office Supplies | L433: Art | M433: Highlighter Pack | N433: 8 | O433: 0 | Q433: 40.32
A434: 428 | B434: WT-2024-100428 | C434: 12/11/2024 | D434: 12/15/2024 | E434: First Class | F434: Robert Gonzalez | G434: Consumer | H434: West | I434: California | J434: Los Angeles | K434: Furniture | L434: Bookcases | M434: Metal Bookcase | N434: 14 | O434: 0 | P434: 5740.1 | Q434: 1927.83
A435: 429 | B435: SS-2024-100429 | C435: 11/15/2024 | D435: 11/18/2024 | E435: Standard Class | F435: John Martin | G435: Corporate | H435: South | I435: Florida | J435: Miami | K435: Technology | L435: Phones | M435: Cordless Phone | N435: 9 | O435: 0.3 | P435: 371.63 | Q435: 74.97
A436: 430 | B436: CS-2024-100430 | C436: 06/21/2024 | D436: 06/22/2024 | E436: Standard Class | F436: Robert Hernandez | G436: Consumer | H436: Central | I436: Illinois | J436: Chicago | K436: Furniture | L436: Bookcases | M436: Wooden Bookcase 5-Shelf | N436: 6 | O436: 0 | P436: 1634.05 | Q436: 141.27
A437: 431 | B437: SS-2022-100431 | C437: 04/07/2022 | D437: 04/10/2022 | E437: Same Day | F437: Susan Lopez | G437: Corporate | H437: South | I437: Alabama | J437: Birmingham | K437: Technology | L437: Machines | M437: Calculator | N437: 6 | O437: 0.3 | P437: 2468.08 | Q437: -206.61
A439: 432 | B439: ET-2022-100432 | C439: 08/22/2022 | D439: 08/26/2022 | E439: Second Class | F439: John Williams | G439: Corporate | H439: East | I439: Massachusetts | J439: Boston | K439: Office Supplies | L439: Fasteners | M439: Stapler | N439: 10 | O439: 0 | P439: 454.41 | Q439: -62.25
A440: 433 | B440: CS-2024-100433 | C440: 11/28/2024 | D440: 11/30/2024 | E440: Second Class | F440: Elizabeth Wilson | G440: Home Office | H440: Central | I440: Illinois | J440: Chicago | K440: Furniture | L440: Bookcases | M440: Metal Bookcase | N440: 8 | O440: 0.1 | P440: 982.31 | Q440: 61.31
A441: 434 | B441: ST-2021-100434 | C441: 02/13/2021 | D441: 02/16/2021 | E441: First Class | F441: Jessica Jackson | G441: Corporate | H441: South | I441: North Carolina | J441: Charlotte | K441: Office Supplies | L441: Fasteners | M441: Stapler | N441: 4 | O441: 0.1 | P441: 36.58 | Q441: 9.18
A442: 435 | B442: ST-2023-100435 | C442: 07/27/2023 | D442: 07/30/2023 | E442: First Class | F442: Barbara Thomas | G442: Corporate | H442: South | I442: Alabama | J442: Birmingham | K442: Office Supplies | L442: Labels | M442: Shipping Labels | N442: 10 | O442: 0.15 | P442: 167.8 | Q442: -24.66
A443: 436 | B443: ES-2024-100436 | C443: 06/20/2024 | D443: 06/22/2024 | E443: Standard Class | F443: Linda Davis | G443: Consumer | H443: East | I443: Pennsylvania | J443: Philadelphia | K443: Office Supplies | L443: Art | M443: Sketch Pad | N443: 12 | O443: 0 | P443: 782.01 | Q443: 261.13
A444: 437 | B444: CS-2022-100437 | C444: 01/13/2022 | D444: 01/15/2022 | E444: Second Class | F444: Susan Anderson | G444: Home Office | H444: Central | I444: Minnesota | J444: Minneapolis | K444: Furniture | L444: Bookcases | M444: Wooden Bookcase 5-Shelf | N444: 9 | O444: 0.2 | P444: 4249.59 | Q444: 1431.32
A445: 438 | B445: CT-2021-100438 | C445: 10/25/2021 | D445: 10/29/2021 | E445: Second Class | F445: Sarah Martinez | G445: Home Office | H445: Central | I445: Illinois | J445: Chicago | K445: Technology | L445: Copiers | M445: Office Copier Pro | N445: 6 | O445: 0.2 | P445: 582.87 | Q445: 80.64
A446: 439 | B446: SS-2021-100439 | C446: 03/24/2021 | D446: 03/26/2021 | E446: First Class | F446: Joseph Lopez | G446: Consumer | H446: South | I446: North Carolina | J446: Charlotte | K446: Office Supplies | L446: Fasteners | M446: Paper Clips | N446: 11 | O446: 0.15 | P446: 703.97 | Q446: -165.52
... A467: 459 | B467: CT-2022-100459 | C467: 12/31/2022 | D467: 01/04/2023 | E467: Standard Class | F467: Robert Anderson | G467: Consumer | H467: Central | I467: Minnesota | J467: Minneapolis | K467: Office Supplies | L467: Fasteners | M467: Paper Clips | N467: 11 | O467: 0.3 | P467: 732.47 | Q467: 250.88
A468: 460 | B468: CS-2021-100460 | C468: 03/02/2021 | D468: 03/03/2021 | E468: First Class | F468: Linda Gonzalez | G468: Home Office | H468: Central | I468: Ohio | J468: Columbus | K468: Office Supplies | L468: Fasteners | M468: Push Pins | N468: 12 | O468: 0 | Q468: 4.83
A469: 461 | B469: WT-2024-100461 | C469: 09/15/2024 | D469: 09/22/2024 | E469: First Class | F469: Sarah Taylor | G469: Corporate | H469: West | I469: Oregon | J469: Portland | K469: Office Supplies | L469: Binders | M469: Round Ring Binder | N469: 9 | O469: 0.4 | P469: 733.18 | Q469: -94.46
A470: 462 | B470: ES-2023-100462 | C470: 07/11/2023 | D470: 07/14/2023 | E470: Second Class | F470: Karen Martinez | G470: Home Office | H470: East | I470: New York | J470: New York City | K470: Technology | L470: Phones | M470: Cordless Phone | N470: 14 | O470: 0.4 | P470: 2548.74 | Q470: -582.16
A471: 463 | B471: SS-2021-100463 | C471: 08/13/2021 | D471: 08/18/2021 | E471: First Class | F471: Thomas Johnson | G471: Corporate | H471: South | I471: Tennessee | J471: Nashville | K471: Furniture | L471: Furnishings | M471: Filing Cart | N471: 11 | O471: 0.4 | P471: 3447.28 | Q471: 122.54
A472: 464 | B472: ST-2022-100464 | C472: 10/19/2022 | D472: 10/20/2022 | E472: First Class | F472: Charles Smith | G472: Home Office | H472: South | I472: Alabama | J472: Birmingham | K472: Technology | L472: Accessories | M472: Wireless Mouse | N472: 1 | O472: 0 | P472: 307.52 | Q472: 77.54
A473: 465 | B473: SS-2022-100465 | C473: 12/21/2022 | D473: 12/22/2022 | E473: First Class | F473: John Martinez | G473: Consumer | H473: South | I473: Florida | J473: Miami | K473: Office Supplies | L473: Storage | M473: Filing Cabinet | N473: 11 | O473: 0.1 | P473: 328.84 | Q473: 45.66
A474: 466 | B474: WT-2024-100466 | C474: 2024-09-09 | D474: 09/16/2024 | E474: Same Day | F474: Charles Smith | G474: Corporate | H474: West | I474: California | J474: Los Angeles | K474: Office Supplies | L474: Binders | M474: View Binder | N474: 7 | O474: 0.3 | P474: 439.72 | Q474: -39.59
A475: 467 | B475: ST-2024-100467 | C475: 11/15/2024 | D475: 11/21/2024 | E475: Same Day | F475: Susan Wilson | G475: Consumer | H475: South | I475: North Carolina | J475: Charlotte | K475: Office Supplies | L475: Art | M475: Sketch Pad | N475: 4 | O475: 0.2 | P475: 156.58 | Q475: -23.49
A476: 468 | B476: ES-2022-100468 | C476: 09/01/2022 | D476: 09/06/2022 | E476: Standard Class | F476: Charles Hernandez | G476: Corporate | H476: East | I476: Virginia | J476: Richmond | K476: Furniture | L476: Bookcases | M476: Metal Bookcase | N476: 7 | O476: 0 | P476: 3976.75 | Q476: 718.3
A477: 469 | B477: ST-2023-100469 | C477: 10/31/2023 | D477: 11/07/2023 | E477: Same Day | F477: William Martin | G477: Home Office | H477: South | I477: Tennessee | J477: Nashville | K477: Furniture | L477: Chairs | M477: Stacking Chair | N477: 5 | O477: 0.2 | P477: 1490.91 | Q477: -193.75
A478: 470 | B478: WT-2024-100470 | C478: 03/27/2024 | D478: 03/31/2024 | E478: Second Class | F478: Charles Johnson | G478: Home Office | H478: West | I478: California | J478: Los Angeles | K478: Office Supplies | L478: Labels | M478: Address Labels | N478: 4 | O478: 0.4 | P478: 281.51 | Q478: -25.12
A479: 471 | B479: CT-2023-100471 | C479: 06/11/2023 | D479: 06/15/2023 | E479: Second Class | F479: William Martinez | G479: Home Office | H479: Central | I479: Ohio | J479: Columbus | K479: Furniture | L479: Tables | M479: Folding Table | N479: 6 | O479: 0 | P479: 3633.75 | Q479: 473.68
A480: 472 | B480: CT-2021-100472 | C480: 11/04/2021 | D480: 11/06/2021 | E480: Second Class | F480: Jessica Johnson | G480: Consumer | H480: Central | I480: Minnesota | J480: Minneapolis | K480: Office Supplies | L480: Paper | M480: Copy Paper A4 | N480: 1 | O480: 0.15 | P480: 29.59 | Q480: 0.84
... A546: 11 | B546: ES-2024-100011 | C546: 09/13/2024 | D546: 09/17/2024 | E546: First Class | F546: Elizabeth Gonzalez | G546: Home Office | H546: East | I546: Massachusetts | J546: Boston | K546: Technology | L546: Machines | M546: Label Maker | N546: 9 | O546: 0.3 | P546: 881.32 | Q546: 289.62

Sheet Analysis
A1: Sales Performance Analysis | J1: Helper: Unique Product Totals (used by Top-5 formulas — do not delete)
A2: Source: Sales_Data sheet (cleaned) | All figures update automatically via formulas | J2: Product Name | K2: Total Sales
J3: Address Labels | K3: =SUMIF(Sales_Data!$M$2:$M$511,J3,Sales_Data!$P$2:$P$511) + ROW()/10000000 -> 7981.31
A4: Task 2 — Key Metrics | J4: Bluetooth Headset | K4: =SUMIF(Sales_Data!$M$2:$M$511,J4,Sales_Data!$P$2:$P$511) + ROW()/10000000 -> 6395.71
A5: Total Sales | B5: Total Profit | C5: Average Sales | D5: Highest Sales Value | E5: Total Number of Orders | J5: Calculator | K5: =SUMIF(Sales_Data!$M$2:$M$511,J5,Sales_Data!$P$2:$P$511) + ROW()/10000000 -> 23101.76
A6: =SUM(Sales_Data!P2:P511) -> 642224.04 | B6: =SUM(Sales_Data!Q2:Q511) -> 19216.97 | C6: =AVERAGE(Sales_Data!P2:P511) -> 1259.2628 | D6: =MAX(Sales_Data!P2:P511) -> 8445.82 | E6: =SUMPRODUCT(1/COUNTIF(Sales_Data!B2:B511,Sales_Data!B2:B511)) -> 510 | J6: Colored Paper Pack | K6: =SUMIF(Sales_Data!$M$2:$M$511,J6,Sales_Data!$P$2:$P$511) + ROW()/10000000 -> 6279.66
J7: Copy Paper A4 | K7: =SUMIF(Sales_Data!$M$2:$M$511,J7,Sales_Data!$P$2:$P$511) + ROW()/10000000 -> 4170.72
J8: Cordless Phone | K8: =SUMIF(Sales_Data!$M$2:$M$511,J8,Sales_Data!$P$2:$P$511) + ROW()/10000000 -> 11751.84
A9: Total Sales by Region (Pivot) | J9: Corner Bookcase | K9: =SUMIF(Sales_Data!$M$2:$M$511,J9,Sales_Data!$P$2:$P$511) + ROW()/10000000 -> 24183.97
A10: Region | B10: Total Sales | J10: Desk Lamp | K10: =SUMIF(Sales_Data!$M$2:$M$511,J10,Sales_Data!$P$2:$P$511) + ROW()/10000000 -> 22740.54
A11: Central | B11: =SUMIF(Sales_Data!$H$2:$H$511,A11,Sales_Data!$P$2:$P$511) -> 153164.02 | J11: Desktop Copier | K11: =SUMIF(Sales_Data!$M$2:$M$511,J11,Sales_Data!$P$2:$P$511) + ROW()/10000000 -> 11827.41
A12: East | B12: =SUMIF(Sales_Data!$H$2:$H$511,A12,Sales_Data!$P$2:$P$511) -> 167089.08 | J12: Executive Leather Chair | K12: =SUMIF(Sales_Data!$M$2:$M$511,J12,Sales_Data!$P$2:$P$511) + ROW()/10000000 -> 15379
A13: South | B13: =SUMIF(Sales_Data!$H$2:$H$511,A13,Sales_Data!$P$2:$P$511) -> 135430.23 | J13: Filing Cabinet | K13: =SUMIF(Sales_Data!$M$2:$M$511,J13,Sales_Data!$P$2:$P$511) + ROW()/10000000 -> 6358.09
A14: West | B14: =SUMIF(Sales_Data!$H$2:$H$511,A14,Sales_Data!$P$2:$P$511) -> 186540.71 | J14: Filing Cart | K14: =SUMIF(Sales_Data!$M$2:$M$511,J14,Sales_Data!$P$2:$P$511) + ROW()/10000000 -> 16735.68
J15: Folding Table | K15: =SUMIF(Sales_Data!$M$2:$M$511,J15,Sales_Data!$P$2:$P$511) + ROW()/10000000 -> 40051.85
A16: Total Sales by Category (Pivot) | J16: Glass Table | K16: =SUMIF(Sales_Data!$M$2:$M$511,J16,Sales_Data!$P$2:$P$511) + ROW()/10000000 -> 24951
A17: Category | B17: Total Sales | J17: Heavy-Duty Binder | K17: =SUMIF(Sales_Data!$M$2:$M$511,J17,Sales_Data!$P$2:$P$511) + ROW()/10000000 -> 5125.47
A18: Furniture | B18: =SUMIF(Sales_Data!$K$2:$K$511,A18,Sales_Data!$P$2:$P$511) -> 322178.6 | J18: Highlighter Pack | K18: =SUMIF(Sales_Data!$M$2:$M$511,J18,Sales_Data!$P$2:$P$511) + ROW()/10000000 -> 7753.28
A19: Office Supplies | B19: =SUMIF(Sales_Data!$K$2:$K$511,A19,Sales_Data!$P$2:$P$511) -> 134855.32 | J19: Keyboard | K19: =SUMIF(Sales_Data!$M$2:$M$511,J19,Sales_Data!$P$2:$P$511) + ROW()/10000000 -> 13652.35
A20: Technology | B20: =SUMIF(Sales_Data!$K$2:$K$511,A20,Sales_Data!$P$2:$P$511) -> 185190.12 | J20: Label Maker | K20: =SUMIF(Sales_Data!$M$2:$M$511,J20,Sales_Data!$P$2:$P$511) + ROW()/10000000 -> 20559.03
J21: Laminator | K21: =SUMIF(Sales_Data!$M$2:$M$511,J21,Sales_Data!$P$2:$P$511) + ROW()/10000000 -> 23342
A22: Profit by Region (Pivot) | J22: Marker Set | K22: =SUMIF(Sales_Data!$M$2:$M$511,J22,Sales_Data!$P$2:$P$511) + ROW()/10000000 -> 6890.32
A23: Region | B23: Total Profit | J23: Mesh Task Chair | K23: =SUMIF(Sales_Data!$M$2:$M$511,J23,Sales_Data!$P$2:$P$511) + ROW()/10000000 -> 23368.52
A24: Central | B24: =SUMIF(Sales_Data!$H$2:$H$511,A24,Sales_Data!$Q$2:$Q$511) -> 4715.52 | J24: Metal Bookcase | K24: =SUMIF(Sales_Data!$M$2:$M$511,J24,Sales_Data!$P$2:$P$511) + ROW()/10000000 -> 26213.22
A25: East | B25: =SUMIF(Sales_Data!$H$2:$H$511,A25,Sales_Data!$Q$2:$Q$511) -> 4582.21 | J25: Office Copier Pro | K25: =SUMIF(Sales_Data!$M$2:$M$511,J25,Sales_Data!$P$2:$P$511) + ROW()/10000000 -> 44492.59
A26: South | B26: =SUMIF(Sales_Data!$H$2:$H$511,A26,Sales_Data!$Q$2:$Q$511) -> 8040.78 | J26: Paper Clips | K26: =SUMIF(Sales_Data!$M$2:$M$511,J26,Sales_Data!$P$2:$P$511) + ROW()/10000000 -> 8791.29
A27: West | B27: =SUMIF(Sales_Data!$H$2:$H$511,A27,Sales_Data!$Q$2:$Q$511) -> 1878.46 | J27: Picture Frame | K27: =SUMIF(Sales_Data!$M$2:$M$511,J27,Sales_Data!$P$2:$P$511) + ROW()/10000000 -> 15849.98
J28: Plastic Bin | K28: =SUMIF(Sales_Data!$M$2:$M$511,J28,Sales_Data!$P$2:$P$511) + ROW()/10000000 -> 8123.37
A29: Profit by Category (Pivot) | J29: Push Pins | K29: =SUMIF(Sales_Data!$M$2:$M$511,J29,Sales_Data!$P$2:$P$511) + ROW()/10000000 -> 9640.6
A30: Category | B30: Total Profit | J30: Recliner Chair | K30: =SUMIF(Sales_Data!$M$2:$M$511,J30,Sales_Data!$P$2:$P$511) + ROW()/10000000 -> 7456.59
A31: Furniture | B31: =SUMIF(Sales_Data!$K$2:$K$511,A31,Sales_Data!$Q$2:$Q$511) -> 9365.65 | J31: Rectangular Desk | K31: =SUMIF(Sales_Data!$M$2:$M$511,J31,Sales_Data!$P$2:$P$511) + ROW()/10000000 -> 25142.01
A32: Office Supplies | B32: =SUMIF(Sales_Data!$K$2:$K$511,A32,Sales_Data!$Q$2:$Q$511) -> 10043.06 | J32: Round Conference Table | K32: =SUMIF(Sales_Data!$M$2:$M$511,J32,Sales_Data!$P$2:$P$511) + ROW()/10000000 -> 13188.96
A33: Technology | B33: =SUMIF(Sales_Data!$K$2:$K$511,A33,Sales_Data!$Q$2:$Q$511) -> -191.74 | J33: Round Ring Binder | K33: =SUMIF(Sales_Data!$M$2:$M$511,J33,Sales_Data!$P$2:$P$511) + ROW()/10000000 -> 8830.23
J34: Shipping Labels | K34: =SUMIF(Sales_Data!$M$2:$M$511,J34,Sales_Data!$P$2:$P$511) + ROW()/10000000 -> 13753.34
A35: Top 5 Products by Sales (Pivot) | J35: Sketch Pad | K35: =SUMIF(Sales_Data!$M$2:$M$511,J35,Sales_Data!$P$2:$P$511) + ROW()/10000000 -> 4748.01
A36: Product Name | B36: Total Sales | J36: Smartphone X200 | K36: =SUMIF(Sales_Data!$M$2:$M$511,J36,Sales_Data!$P$2:$P$511) + ROW()/10000000 -> 20252.51
A37: =INDEX($J$3:$J$45,MATCH(C37,$K$3:$K$45,0)) -> Office Copier Pro | B37: =ROUNDDOWN(C37,2) -> 44492.59 | C37: =LARGE($K$3:$K$45,1) -> 44492.59 | J37: Stacking Chair | K37: =SUMIF(Sales_Data!$M$2:$M$511,J37,Sales_Data!$P$2:$P$511) + ROW()/10000000 -> 6723.8
A38: =INDEX($J$3:$J$45,MATCH(C38,$K$3:$K$45,0)) -> Folding Table | B38: =ROUNDDOWN(C38,2) -> 40051.85 | C38: =LARGE($K$3:$K$45,2) -> 40051.85 | J38: Stapler | K38: =SUMIF(Sales_Data!$M$2:$M$511,J38,Sales_Data!$P$2:$P$511) + ROW()/10000000 -> 16507.99
A39: =INDEX($J$3:$J$45,MATCH(C39,$K$3:$K$45,0)) -> Wooden Bookcase 5-Shelf | B39: =ROUNDDOWN(C39,2) -> 36860.45 | C39: =LARGE($K$3:$K$45,3) -> 36860.45 | J39: Sticky Notes | K39: =SUMIF(Sales_Data!$M$2:$M$511,J39,Sales_Data!$P$2:$P$511) + ROW()/10000000 -> 5335.7
A40: =INDEX($J$3:$J$45,MATCH(C40,$K$3:$K$45,0)) -> Metal Bookcase | B40: =ROUNDDOWN(C40,2) -> 26213.22 | C40: =LARGE($K$3:$K$45,4) -> 26213.22 | J40: Storage Box | K40: =SUMIF(Sales_Data!$M$2:$M$511,J40,Sales_Data!$P$2:$P$511) + ROW()/10000000 -> 5334.36
A41: =INDEX($J$3:$J$45,MATCH(C41,$K$3:$K$45,0)) -> Rectangular Desk | B41: =ROUNDDOWN(C41,2) -> 25142.01 | C41: =LARGE($K$3:$K$45,5) -> 25142.01 | J41: USB Flash Drive | K41: =SUMIF(Sales_Data!$M$2:$M$511,J41,Sales_Data!$P$2:$P$511) + ROW()/10000000 -> 3219.42
J42: View Binder | K42: =SUMIF(Sales_Data!$M$2:$M$511,J42,Sales_Data!$P$2:$P$511) + ROW()/10000000 -> 9231.58
A43: Sales Trend by Month (Pivot) | J43: Wall Clock | K43: =SUMIF(Sales_Data!$M$2:$M$511,J43,Sales_Data!$P$2:$P$511) + ROW()/10000000 -> 23333.03
A44: Month | B44: Total Sales | J44: Wireless Mouse | K44: =SUMIF(Sales_Data!$M$2:$M$511,J44,Sales_Data!$P$2:$P$511) + ROW()/10000000 -> 6595.5
A45: 2021-01 | B45: =SUMPRODUCT((YEAR(Sales_Data!$C$2:$C$511)=2021)*(MONTH(Sales_Data!$C$2:$C$511)=1)*Sales_Data!$P$2:$P$511) -> 20239.62 | J45: Wooden Bookcase 5-Shelf | K45: =SUMIF(Sales_Data!$M$2:$M$511,J45,Sales_Data!$P$2:$P$511) + ROW()/10000000 -> 36860.45
A46: 2021-02 | B46: =SUMPRODUCT((YEAR(Sales_Data!$C$2:$C$511)=2021)*(MONTH(Sales_Data!$C$2:$C$511)=2)*Sales_Data!$P$2:$P$511) -> 5242.46
A47: 2021-03 | B47: =SUMPRODUCT((YEAR(Sales_Data!$C$2:$C$511)=2021)*(MONTH(Sales_Data!$C$2:$C$511)=3)*Sales_Data!$P$2:$P$511) -> 13498.73
A48: 2021-04 | B48: =SUMPRODUCT((YEAR(Sales_Data!$C$2:$C$511)=2021)*(MONTH(Sales_Data!$C$2:$C$511)=4)*Sales_Data!$P$2:$P$511) -> 17688.09
A49: 2021-05 | B49: =SUMPRODUCT((YEAR(Sales_Data!$C$2:$C$511)=2021)*(MONTH(Sales_Data!$C$2:$C$511)=5)*Sales_Data!$P$2:$P$511) -> 20644.61
A50: 2021-06 | B50: =SUMPRODUCT((YEAR(Sales_Data!$C$2:$C$511)=2021)*(MONTH(Sales_Data!$C$2:$C$511)=6)*Sales_Data!$P$2:$P$511) -> 21136.75
A51: 2021-07 | B51: =SUMPRODUCT((YEAR(Sales_Data!$C$2:$C$511)=2021)*(MONTH(Sales_Data!$C$2:$C$511)=7)*Sales_Data!$P$2:$P$511) -> 11987.35
A52: 2021-08 | B52: =SUMPRODUCT((YEAR(Sales_Data!$C$2:$C$511)=2021)*(MONTH(Sales_Data!$C$2:$C$511)=8)*Sales_Data!$P$2:$P$511) -> 19129.98
A53: 2021-09 | B53: =SUMPRODUCT((YEAR(Sales_Data!$C$2:$C$511)=2021)*(MONTH(Sales_Data!$C$2:$C$511)=9)*Sales_Data!$P$2:$P$511) -> 11582
A54: 2021-10 | B54: =SUMPRODUCT((YEAR(Sales_Data!$C$2:$C$511)=2021)*(MONTH(Sales_Data!$C$2:$C$511)=10)*Sales_Data!$P$2:$P$511) -> 20693.28
A55: 2021-11 | B55: =SUMPRODUCT((YEAR(Sales_Data!$C$2:$C$511)=2021)*(MONTH(Sales_Data!$C$2:$C$511)=11)*Sales_Data!$P$2:$P$511) -> 10953.87
A56: 2021-12 | B56: =SUMPRODUCT((YEAR(Sales_Data!$C$2:$C$511)=2021)*(MONTH(Sales_Data!$C$2:$C$511)=12)*Sales_Data!$P$2:$P$511) -> 13011.45
A57: 2022-01 | B57: =SUMPRODUCT((YEAR(Sales_Data!$C$2:$C$511)=2022)*(MONTH(Sales_Data!$C$2:$C$511)=1)*Sales_Data!$P$2:$P$511) -> 22683.21
A58: 2022-02 | B58: =SUMPRODUCT((YEAR(Sales_Data!$C$2:$C$511)=2022)*(MONTH(Sales_Data!$C$2:$C$511)=2)*Sales_Data!$P$2:$P$511) -> 10493.22
A59: 2022-03 | B59: =SUMPRODUCT((YEAR(Sales_Data!$C$2:$C$511)=2022)*(MONTH(Sales_Data!$C$2:$C$511)=3)*Sales_Data!$P$2:$P$511) -> 2062.25
A60: 2022-04 | B60: =SUMPRODUCT((YEAR(Sales_Data!$C$2:$C$511)=2022)*(MONTH(Sales_Data!$C$2:$C$511)=4)*Sales_Data!$P$2:$P$511) -> 22777.45
A61: 2022-05 | B61: =SUMPRODUCT((YEAR(Sales_Data!$C$2:$C$511)=2022)*(MONTH(Sales_Data!$C$2:$C$511)=5)*Sales_Data!$P$2:$P$511) -> 2699.69
A62: 2022-06 | B62: =SUMPRODUCT((YEAR(Sales_Data!$C$2:$C$511)=2022)*(MONTH(Sales_Data!$C$2:$C$511)=6)*Sales_Data!$P$2:$P$511) -> 4411.19
A63: 2022-07 | B63: =SUMPRODUCT((YEAR(Sales_Data!$C$2:$C$511)=2022)*(MONTH(Sales_Data!$C$2:$C$511)=7)*Sales_Data!$P$2:$P$511) -> 7374.92
A64: 2022-08 | B64: =SUMPRODUCT((YEAR(Sales_Data!$C$2:$C$511)=2022)*(MONTH(Sales_Data!$C$2:$C$511)=8)*Sales_Data!$P$2:$P$511) -> 8165.9
A65: 2022-09 | B65: =SUMPRODUCT((YEAR(Sales_Data!$C$2:$C$511)=2022)*(MONTH(Sales_Data!$C$2:$C$511)=9)*Sales_Data!$P$2:$P$511) -> 25495.76
A66: 2022-10 | B66: =SUMPRODUCT((YEAR(Sales_Data!$C$2:$C$511)=2022)*(MONTH(Sales_Data!$C$2:$C$511)=10)*Sales_Data!$P$2:$P$511) -> 13716.53
A67: 2022-11 | B67: =SUMPRODUCT((YEAR(Sales_Data!$C$2:$C$511)=2022)*(MONTH(Sales_Data!$C$2:$C$511)=11)*Sales_Data!$P$2:$P$511) -> 10827.92
A68: 2022-12 | B68: =SUMPRODUCT((YEAR(Sales_Data!$C$2:$C$511)=2022)*(MONTH(Sales_Data!$C$2:$C$511)=12)*Sales_Data!$P$2:$P$511) -> 6481.97
A69: 2023-01 | B69: =SUMPRODUCT((YEAR(Sales_Data!$C$2:$C$511)=2023)*(MONTH(Sales_Data!$C$2:$C$511)=1)*Sales_Data!$P$2:$P$511) -> 9540.79
A70: 2023-02 | B70: =SUMPRODUCT((YEAR(Sales_Data!$C$2:$C$511)=2023)*(MONTH(Sales_Data!$C$2:$C$511)=2)*Sales_Data!$P$2:$P$511) -> 3881.1
A71: 2023-03 | B71: =SUMPRODUCT((YEAR(Sales_Data!$C$2:$C$511)=2023)*(MONTH(Sales_Data!$C$2:$C$511)=3)*Sales_Data!$P$2:$P$511) -> 11937.09
A72: 2023-04 | B72: =SUMPRODUCT((YEAR(Sales_Data!$C$2:$C$511)=2023)*(MONTH(Sales_Data!$C$2:$C$511)=4)*Sales_Data!$P$2:$P$511) -> 15428.95
A73: 2023-05 | B73: =SUMPRODUCT((YEAR(Sales_Data!$C$2:$C$511)=2023)*(MONTH(Sales_Data!$C$2:$C$511)=5)*Sales_Data!$P$2:$P$511) -> 9978.09
A74: 2023-06 | B74: =SUMPRODUCT((YEAR(Sales_Data!$C$2:$C$511)=2023)*(MONTH(Sales_Data!$C$2:$C$511)=6)*Sales_Data!$P$2:$P$511) -> 23713.83
A75: 2023-07 | B75: =SUMPRODUCT((YEAR(Sales_Data!$C$2:$C$511)=2023)*(MONTH(Sales_Data!$C$2:$C$511)=7)*Sales_Data!$P$2:$P$511) -> 17965.77
A76: 2023-08 | B76: =SUMPRODUCT((YEAR(Sales_Data!$C$2:$C$511)=2023)*(MONTH(Sales_Data!$C$2:$C$511)=8)*Sales_Data!$P$2:$P$511) -> 11693.35
A77: 2023-09 | B77: =SUMPRODUCT((YEAR(Sales_Data!$C$2:$C$511)=2023)*(MONTH(Sales_Data!$C$2:$C$511)=9)*Sales_Data!$P$2:$P$511) -> 17116.58
A78: 2023-10 | B78: =SUMPRODUCT((YEAR(Sales_Data!$C$2:$C$511)=2023)*(MONTH(Sales_Data!$C$2:$C$511)=10)*Sales_Data!$P$2:$P$511) -> 9639.91
A79: 2023-11 | B79: =SUMPRODUCT((YEAR(Sales_Data!$C$2:$C$511)=2023)*(MONTH(Sales_Data!$C$2:$C$511)=11)*Sales_Data!$P$2:$P$511) -> 7216.41
A80: 2023-12 | B80: =SUMPRODUCT((YEAR(Sales_Data!$C$2:$C$511)=2023)*(MONTH(Sales_Data!$C$2:$C$511)=12)*Sales_Data!$P$2:$P$511) -> 9783.86
A81: 2024-01 | B81: =SUMPRODUCT((YEAR(Sales_Data!$C$2:$C$511)=2024)*(MONTH(Sales_Data!$C$2:$C$511)=1)*Sales_Data!$P$2:$P$511) -> 14944.35
A82: 2024-02 | B82: =SUMPRODUCT((YEAR(Sales_Data!$C$2:$C$511)=2024)*(MONTH(Sales_Data!$C$2:$C$511)=2)*Sales_Data!$P$2:$P$511) -> 18336.42
A83: 2024-03 | B83: =SUMPRODUCT((YEAR(Sales_Data!$C$2:$C$511)=2024)*(MONTH(Sales_Data!$C$2:$C$511)=3)*Sales_Data!$P$2:$P$511) -> 12655.64
A84: 2024-04 | B84: =SUMPRODUCT((YEAR(Sales_Data!$C$2:$C$511)=2024)*(MONTH(Sales_Data!$C$2:$C$511)=4)*Sales_Data!$P$2:$P$511) -> 10623.63
A85: 2024-05 | B85: =SUMPRODUCT((YEAR(Sales_Data!$C$2:$C$511)=2024)*(MONTH(Sales_Data!$C$2:$C$511)=5)*Sales_Data!$P$2:$P$511) -> 11593.51
A86: 2024-06 | B86: =SUMPRODUCT((YEAR(Sales_Data!$C$2:$C$511)=2024)*(MONTH(Sales_Data!$C$2:$C$511)=6)*Sales_Data!$P$2:$P$511) -> 15625.74
A87: 2024-07 | B87: =SUMPRODUCT((YEAR(Sales_Data!$C$2:$C$511)=2024)*(MONTH(Sales_Data!$C$2:$C$511)=7)*Sales_Data!$P$2:$P$511) -> 11154.93
A88: 2024-08 | B88: =SUMPRODUCT((YEAR(Sales_Data!$C$2:$C$511)=2024)*(MONTH(Sales_Data!$C$2:$C$511)=8)*Sales_Data!$P$2:$P$511) -> 6945.99
A89: 2024-09 | B89: =SUMPRODUCT((YEAR(Sales_Data!$C$2:$C$511)=2024)*(MONTH(Sales_Data!$C$2:$C$511)=9)*Sales_Data!$P$2:$P$511) -> 19198.9
A90: 2024-10 | B90: =SUMPRODUCT((YEAR(Sales_Data!$C$2:$C$511)=2024)*(MONTH(Sales_Data!$C$2:$C$511)=10)*Sales_Data!$P$2:$P$511) -> 13935.83
A91: 2024-11 | B91: =SUMPRODUCT((YEAR(Sales_Data!$C$2:$C$511)=2024)*(MONTH(Sales_Data!$C$2:$C$511)=11)*Sales_Data!$P$2:$P$511) -> 26252.57
A92: 2024-12 | B92: =SUMPRODUCT((YEAR(Sales_Data!$C$2:$C$511)=2024)*(MONTH(Sales_Data!$C$2:$C$511)=12)*Sales_Data!$P$2:$P$511) -> 10062.6

Sheet Dashboard
A1: Superstore Sales — Mini Dashboard
A2: All figures are live formulas linked to Sales_Data. Use the Region filter below to explore.
A4: Total Sales | C4: Total Profit | E4: Region Filter (Slicer)
A5: =SUM(Sales_Data!P2:P511) -> 642224.04 | C5: =SUM(Sales_Data!Q2:Q511) -> 19216.97 | E5: All
E6: =IF(E5="All",SUM(Sales_Data!P2:P511),SUMIF(Sales_Data!$H$2:$H$511,E5,Sales_Data!$P$2:$P$511)) -> 642224.04
A25: Category | B25: Sales
A26: =Analysis!A18 -> Furniture | B26: =Analysis!B18 -> 322178.6
A27: =Analysis!A19 -> Office Supplies | B27: =Analysis!B19 -> 134855.32
A28: =Analysis!A20 -> Technology | B28: =Analysis!B20 -> 185190.12

Sheet Insights
A1: Insight Questions & Answers
A3: Q | B3: Question | C3: Answer (live formula)
A4: 1 | B4: Which region has the highest sales? | C4: =INDEX(Analysis!A11:A14,MATCH(MAX(Analysis!B11:B14),Analysis!B11:B14,0)) -> West
A5: 2 | B5: Which category generates the most profit? | C5: =INDEX(Analysis!A31:A33,MATCH(MAX(Analysis!B31:B33),Analysis!B31:B33,0)) -> Office Supplies
A6: 3 | B6: Which month has the highest sales? | C6: =INDEX(Analysis!A45:A92,MATCH(MAX(Analysis!B45:B92),Analysis!B45:B92,0)) -> 2024-11
A7: 4 | B7: Which category is underperforming (lowest profit)? | C7: =INDEX(Analysis!A31:A33,MATCH(MIN(Analysis!B31:B33),Analysis!B31:B33,0)) -> Technology
A10: Note: answers are formula-driven (INDEX/MATCH against the pivot tables in 'Analysis') so they update automatically if Sales_Data changes.
